"group","x","y"
1,-15.7438027253561,35.5661517545538
1,6.3466511450106,23.5275012102821
1,24.5400111359613,-1.03170876674983
1,-22.0203522351994,19.759647929054
1,22.4608332674504,-5.85090153632233
1,16.9940901718538,21.231150457494
1,18.818785143205,-5.28260778056495
1,52.8481370196038,-20.0148290861743
1,-24.2222947140736,48.0707089208917
1,57.8231678289663,-22.7269786235312
1,-8.57779267245965,20.785405356907
1,-21.3302128375793,33.6939778920673
1,-7.63983017108824,9.47429912480601
1,24.3375281983251,-0.192899062196959
1,21.0175083196347,-13.4506836636942
1,5.84733782061214,-0.923691708749374
1,-15.449571919968,14.4797255669924
1,-5.39201277779952,10.5030773791529
1,56.4023496012593,-18.4745197550793
1,22.593783063438,-8.76556285192036
1,-3.08996282137907,15.6249335337823
1,-15.0959242047588,20.5321296498425
1,9.27697007115418,13.0693231469598
1,-38.9936697209952,56.3745554279142
1,0.0129813980173008,11.4783227390855
1,-8.45539780381264,28.1725188247158
1,54.3003207149641,-34.3011867242915
1,49.3982151228297,-12.8813269447919
1,13.6214103551435,10.3302826706804
1,-21.5138158372776,43.4205867913761
1,45.7206160564281,-15.2784850289982
1,44.1084247540433,-18.8059078578766
1,40.0146007470978,-40.7844080992063
1,40.3045708077241,-26.4346506263184
1,4.37972264079217,16.2722828727514
1,39.2820119450219,-22.9819820120471
1,58.9118136281586,-36.4863512518871
1,17.2623164667609,-4.77413490802259
1,-16.3163644098772,46.4782897798335
1,42.1941206187936,-28.4079650254006
1,41.9547267763118,-25.0008993089865
1,5.75471667834309,9.56731258706615
1,72.0631999034502,-41.0613844684164
1,-10.2215923821263,24.4437162492183
1,27.4984446339409,-8.600537639174
1,-58.7582354260868,43.0615527578437
1,10.6472257920679,9.89627240034886
1,53.3185447181433,-22.4491075084077
1,0.966982783404923,7.41438819266366
1,-13.6724884127828,33.0362581213043
1,39.9856837571312,-27.1379302684898
1,-10.7115497615527,27.2021252993002
1,24.8138088265227,-13.8190871969278
1,-41.3297024476086,26.3716316162357
1,-30.5770294816928,52.3374525369916
1,1.03280951630992,21.4958314654084
1,-18.171212087146,30.2548459437269
1,60.9507154775564,-16.8468096598768
1,46.2760723201757,-42.6066996036306
1,-9.90969131553547,23.4619053325723
1,34.9260997138597,-42.7848444966485
1,46.3004748553465,-5.71324081747347
1,24.4574800085289,-16.112700610518
1,27.6148963459398,-23.7691770033397
1,54.7531327841547,-40.3288941383662
1,0.132069615456292,-0.0782212062396042
1,2.17861916952517,-11.5310674962847
1,47.5187225062716,-35.8943088233805
1,-26.5372181612796,33.4095593150329
1,22.1445152914764,7.23446925460403
1,14.9662584357415,6.91903095034095
1,31.4142112249368,-26.03758148241
1,49.7985232487504,-33.5511515416901
1,24.822828923735,17.3046611269137
1,23.6502613943866,0.00218325266108543
2,664.595203708487,3389.14732818061
2,1842.51361242958,8941.53894258791
2,1198.12168646907,10901.6927608434
2,1308.16769538376,14921.0199403187
2,1378.53281163538,4446.00135376513
2,1119.80418712665,7400.7646709513
2,1072.45965126862,14781.1283775994
2,756.555340203194,-27.6936800547901
2,658.743673446877,12286.8116198112
2,1791.21660056905,7935.16619973794
2,852.371579041679,2613.15550812791
2,1325.85879440679,9247.53229936506
2,1341.39926788681,7108.92157424248
2,1534.40088113951,15555.7378178482
2,1602.61985747065,10650.1179050873
2,1262.73881997336,13165.6642447747
2,1417.35622362619,8831.8544262369
2,714.903851256125,7786.14384149998
2,1252.4990346618,17458.267353494
2,1416.92344650096,17160.4359818786
2,1122.37260618445,10914.5746040985
2,926.391023749284,8696.68052292955
2,1123.46602698854,16035.3367206369
2,886.823542378876,3729.17039535615
2,901.819169443418,10374.5980669675
2,1401.16924761257,8983.74187742258
2,1698.66108632777,23116.3326312385
2,539.252897269249,3950.15833858998
2,571.753215462965,4930.44563678401
2,740.433975961189,10480.1415562006
2,1148.92826618339,11818.075175653
2,785.345853879449,2037.40820303216
2,1170.10369456553,8376.97359986772
2,1122.96244042008,10873.8041930559
2,922.850955953917,1072.71636125676
2,887.620062099465,4747.1106997567
2,655.324502349343,4964.98416307313
2,1256.63802481436,6170.16752324523
2,1700.83684445961,9590.97448989726
2,926.999105212179,9658.7809236902
2,644.804630922032,4599.82964043732
2,850.632061424137,6251.03141116532
2,1246.97547303587,15291.0793879063
2,1283.38735243132,11606.6428088976
2,1854.9895781552,19505.1313238097
2,640.738573623858,10039.6307029655
2,1069.32774364874,11560.1385132338
2,992.879747549705,7090.57923633563
2,673.54471234334,7980.40126140229
3,23.828846878499,303.590249042093
3,40.289886357968,69.4873193040407
3,15.719495317143,-3.07901904975333
3,30.9448497767025,109.097786231457
3,21.1347543210261,308.187003415802
3,13.7374802484899,-121.738141880453
3,35.05214986314,135.974213494568
3,24.4233829171778,336.350853901319
3,5.2411473325037,99.8514688202938
3,15.5975366904517,230.55763938398
3,19.7918819309956,-10.6781232977014
3,2.72599710735821,25.1864116196754
3,34.1648006434366,35.566253507254
3,26.0837878580791,129.234365786772
3,16.1236572319093,-80.6824237186014
3,16.2178888058391,8.69243378846463
3,22.6533765970848,145.099406329174
3,12.2215936194583,157.375924189897
3,15.750046324842,156.998540781878
3,20.4962939212202,159.122321850516
3,20.8282399039692,70.6967215555158
3,29.3583946308026,161.583227875681
3,23.1535136089588,88.7063114641147
3,18.9271811088928,15.5248973423394
3,16.9609954734761,149.821130664196
3,30.2293326523503,29.8004690253168
3,14.4053415242793,118.266592706548
3,24.5140042050813,37.3271730487864
3,22.4235356465658,142.52920729331
3,21.7235292541848,-78.5491822009419
3,27.3680239945743,235.668776347589
3,12.8995848612655,175.909279420651
3,19.9768558882444,210.536386533759
3,18.438611006187,328.952886129011
3,2.12256879004293,99.2573712499014
3,23.8265838797523,147.678953060271
3,32.9815361232126,74.552399695119
3,10.4314073156495,181.236709423038
3,33.2760732973227,79.3432371966392
3,21.636363471063,255.168538425376
3,31.0878068216687,200.598248081938
3,13.1375056416001,125.583288948288
3,25.486896606949,155.010758205397
3,15.3466996836429,84.8817807375227
3,14.5235767230489,144.756275421325
3,23.0277833767657,117.696522627006
3,30.503659276921,-7.75209364145516
3,22.5121721668429,160.056726141021
3,15.9825186086357,46.9163294602597
3,30.016916828166,119.136542452452
3,17.5747569757545,112.665833499633
3,26.4898549155584,133.085127737472
3,9.92496965167293,106.257276183586
3,26.1038983135642,93.6360863357421
3,13.5723716773757,33.5267566317582
3,16.9649286655804,249.603778761218
3,9.06804571642477,222.046465130703
3,48.1543925197091,150.002143104089
3,10.2948120238171,142.399653120253
3,21.5548585383822,246.74061018001
3,20.7549250974085,175.588345538972
3,12.9720686511367,28.0803846882974
3,22.083486870047,155.941350735573
3,25.2616565030233,297.690369294775
3,26.1263722361207,110.569590054964
3,2.11711499114263,174.66784313096
3,12.7773910647641,125.363799270137
3,18.6689293213491,35.8815547757034
3,19.4760046664634,32.8918126230397
3,15.9548958321924,223.352344266387
3,24.1622937173213,223.032114000498
3,20.2856118645988,184.858290310352
3,12.7144834879413,8.5879908657401
3,27.314744992119,23.1805259291661
3,17.3063270330777,-56.1864375013467
3,20.7581028539708,187.048585591862
3,37.0177657311067,62.5656588240751
3,21.5726758279265,318.076863861984
3,12.2591620835699,113.131444694812
3,17.7208220412534,-78.0058597383682
3,21.3155679762089,77.100582148658
3,11.1050335158053,85.5080649319989
3,4.56508144594845,191.734990597432
3,16.2379131464447,73.6687673062843
3,24.2751026717098,155.957279301711
3,12.6316004583323,-7.47709522089514
3,25.4749948210012,177.079835630801
3,32.1766301608886,253.653130992377
3,21.5569064394943,170.053838098022
3,33.5777977400674,31.4351384499289
3,22.2245454897398,146.994671129377
3,15.4319162972121,238.858327028194
3,18.7369644800735,249.659832713872
3,39.9067148279163,162.612244467516
3,28.5709527522972,94.2842612990345
3,22.7377526123483,267.803431502911
3,21.7706194131667,110.82328806969
3,20.5469019364802,20.1841969306422
3,22.459372819284,163.805006911932
3,32.0690709081492,200.148925694429
3,35.3220419008285,-8.3140457404572
3,51.4061159840785,-21.9170497533206
3,23.2184652369469,105.795558569575
3,29.052811475005,185.760915464766
3,-9.48960083955899,49.8114775565149
3,51.1424411991611,-28.3269572553473
3,22.1820351318456,85.3405147040088
3,31.050245909486,71.8058021350515
3,29.1603543036617,65.773287905066
3,35.5314281918108,112.075575801653
3,31.4260936086066,174.867270893472
3,29.7799392547458,53.2887306296646
3,26.1810660297051,80.2571085508274
3,35.9259713212959,258.387506998656
3,23.7348165004514,93.9044280568396
3,33.1042366549373,151.822869389838
3,-8.56699075363576,-18.8169061297123
3,-9.67523537762463,291.052226076609
3,47.8980789217167,-19.7854276867663
3,20.686074344907,19.5676089190523
3,29.5801448482089,-70.7839544098246
3,-8.4859268181026,71.7443447314266
3,31.4259146661498,187.001175026972
3,-5.30612172745168,217.001331474806
3,38.2873892206699,152.207771069886
3,24.0716958851553,91.7618405378774
3,30.8569285674021,231.52952837291
3,4.66498724138364,230.186837851084
3,-8.50948836887255,-31.2857444215014
3,50.4784577027895,59.7891972791995
3,-1.41979348333552,106.321542021242
3,-4.44779256172478,240.936581081394
3,43.104937590193,32.7539973825462
3,44.8443071637303,160.359091427919
3,50.9463417176157,58.0830609466954
3,47.6707025044598,273.14070599851
3,9.00209159962833,77.5247243422708
3,41.5557076721452,106.004977292647
3,30.795458311215,176.723808128883
3,-0.302723759785295,226.412289149971
3,50.7182191871107,185.241117463649
3,36.5175461336039,295.622572712189
3,16.2330212942325,126.043973594253
3,1.29234868660569,90.371548607227
3,46.7108628023416,-109.5477196834
3,25.7073617656715,71.266999015174
3,8.7954031880945,142.318394103177
3,41.1916757761501,122.686227215156
3,4.65102642402053,-51.5707804392028
3,-4.30883339373395,132.554349799281
3,16.6388605921529,105.007291625115
3,10.3393136821687,150.503577037573
3,11.3278682352975,192.605990133082
3,22.5078228847124,116.460064689553
3,39.3952568615787,303.857372234346
3,-4.11126637039706,172.695188767742
3,3.39140486856923,200.853648658021
3,-0.590190197341144,-5.72634011760869
3,0.787593922112137,91.6359480122844
3,-9.16577882645652,91.6102062532161
3,31.0412593921646,240.137453307489
3,12.8792355312034,26.3002186748558
3,50.8872084100731,38.8894666768507
3,18.5690268529579,244.732313450562
3,10.2594597446732,-8.4019905301343
3,23.5810762033798,190.784377711825
3,-1.52489622170106,33.4419994677459
3,-8.3263417747803,150.162311117695
3,8.50155496038496,120.965374318473
3,11.3178552240133,83.8520359796934
3,9.46249808324501,148.711035474468
3,10.2150699472986,34.4168154023961
3,24.1514213322662,180.241553624291
3,17.1429776106961,290.719024784891
3,19.1547186216339,109.509191070185
3,40.9561151666567,222.755235100346
3,12.3036876749247,14.0924781881054
3,17.8787613636814,-55.7411583968432
3,-8.74409858835861,57.4285925854512
3,-6.75766957690939,217.695415977373
3,4.02887424919754,218.300269718523
3,14.6456887009554,-44.5251436005533
3,-6.47249473165721,150.030256064917
3,30.6209697257727,117.041458339107
3,13.931614539586,-12.2046621964196
3,24.3152874829248,186.342391454922
3,5.15794277470559,98.6473215985947
3,-2.68469140166417,123.095400675622
3,16.7668571672402,-88.4432762330241
3,31.9779198388569,238.034126118832
3,15.5401203013025,191.143572880543
3,4.30764046870172,166.365558741957
3,40.9029490039684,94.2624095101602
3,6.09480696404353,98.3416831564955
3,-1.72390510607511,163.427497178217
3,42.8246512692422,71.2382903219053
3,5.76918887160718,194.280970405161
3,-9.89193259971216,234.299200066856
3,1.84946597507223,283.198052291768
3,46.3573585865088,55.9765098428427
3,17.7246601358056,135.240873237779
3,48.4036953989416,146.801014306481
3,28.4401964885183,41.7368504924353
3,9.61801271978766,197.36268809215
3,51.0552301513962,162.828874871852
3,34.149633731693,46.9228492034517
3,40.2617167937569,51.3266571525341
3,7.09938542731106,187.135793785908
3,32.9822071092203,193.039569520284
3,46.0419139270671,277.22973638788
3,23.7298193778843,142.439899892438
3,10.0111166732386,78.9866445712915
3,13.8585374196991,165.473774068274
3,29.2106856950559,245.579134123105
3,38.3623272064142,119.294529516774
3,43.3365316274576,68.7036540187816
3,50.9685902153142,185.811346232373
3,28.3285187552683,248.475622435951
3,33.9048689752817,83.811055554521
3,23.5508755641058,179.735014017276
3,48.109792994801,22.8930495531585
3,43.6155773326755,69.6222393392651
3,49.0355436825193,218.336966668832
3,14.7894537067041,131.71598779152
3,9.61215537134558,130.681987040639
3,3.55357838468626,181.971345239435
3,12.0833168635145,-2.56375901197839
3,-9.30903268558905,-9.78293827328417
3,8.77788960654289,151.134600453555
3,49.3372985655442,254.579924705639
3,30.5661842031404,109.500707025972
3,19.3938658898696,101.96137386104
3,13.3386295232922,-46.600307842868
3,42.9712139759213,-32.7969739629926
3,5.29973023245111,111.464521545452
3,33.1043807356618,-47.6375943584141
3,48.8185536363162,109.370295836566
3,31.5844424534589,317.254910355776
3,5.30278371600434,122.240597784333
3,11.3631017538719,220.82244891183
3,13.3808878902346,38.81527350653
3,-4.17257263930514,-58.5293542166708
3,6.18669277522713,321.287093075734
3,13.4407813278958,271.908633101952
3,35.7178721283562,247.727142115845
3,47.2280316348188,31.6093213159035
3,21.6145464419387,190.419997941671
3,51.5090392362326,53.9304008666467
3,26.5818615639582,189.970725965176
3,11.7333772056736,152.778868577426
3,14.974511503242,-19.3764946523015
3,-6.81944911368191,61.7883892890187
3,21.5991039648652,-174.676444253377
3,0.297676339745522,228.845726147893
3,-3.38815668318421,159.986362651759
3,-3.20235260017216,227.136761054925
3,-2.93735358910635,82.9654663216685
3,39.6739991903305,256.899426788672
3,27.6717890975997,309.70748570494
3,39.9184389025904,128.095356329079
3,49.4042143975385,211.218792948429
3,47.1354955909774,130.105262637449
3,-1.10615705791861,273.085295350388
3,42.2214060337283,61.0850287504903
3,18.1928424746729,58.6094846558125
3,13.0217132079415,1.47814488795822
3,6.11183477658778,180.715611330529
3,8.47394192777574,159.795742753932
3,41.2465631989762,110.916432512963
3,28.465647270903,-17.6807197976105
3,50.2947406754829,156.813223549418
3,11.3877612687647,93.4021987118005
3,-0.253796292934567,250.804799537268
3,9.94852444669232,167.877323702599
3,33.8860187819228,74.4737088595845
3,35.0360849690624,29.6353884803133
3,21.8370275790803,210.443809342601
3,-7.11733001377434,57.9546784279647
3,13.316103214398,180.295370186842
3,0.312051455955952,120.304266370608
3,28.0391729744151,93.963040930702
3,13.327079044655,159.049814884357
3,12.6470920643769,167.135215197675
3,12.1925565274432,76.4728632746362
3,23.8782842648216,195.906757803441
3,11.1240437403321,166.906184433269
3,33.7982498886995,269.122517407794
3,18.111356748268,-10.8897392877831
3,44.1679925313219,15.2578682413103
3,36.7117536985315,129.681051880591
3,-3.83255034312606,157.191941816183
3,17.5840287450701,233.337574894292
3,40.9121954902075,93.7940942377593
3,14.1328221382573,80.5222083793723
3,2.32257588626817,292.863100607454
3,39.5895611443557,85.3808789045838
3,-5.16987986909226,64.2587979980715
3,-7.53335038106889,37.2880203058542
3,-9.76183088123798,33.8859465504218
3,-1.32882588542998,74.7821079709908
3,39.4866034057923,277.339821493126
3,25.1345125683583,129.523186793689
3,51.4595780889504,127.243016390408
3,4.29730491060764,191.459804898183
3,21.3455213843845,165.874556298661
3,18.9934918722138,132.644642571559
3,-6.82622471870854,361.407113341245
3,33.0609338218346,160.687521108312
3,32.6284254286438,57.8098563569388
3,3.44138800352812,346.453452818544
3,-0.448348043486476,62.5723269707223
3,24.1616225824691,191.557635039618
3,43.4604482683353,-97.7290975310918
3,51.5293877189979,-7.18566732762713
3,-2.11027530301362,247.01763722818
3,38.8533762432635,169.416170895702
3,20.6110515217297,256.218111581127
3,26.4830209454522,301.552202927596
3,28.2511646999046,107.410283479351
3,3.71879761805758,20.8194754386702
3,51.9574846955948,221.471792719803
3,23.1136209373362,161.440875246349
3,23.2044777572155,133.92144779507
3,33.9539219299331,127.047676031619
3,34.3914295965806,-74.3162900159958
3,42.5068364883773,139.88036180971
3,33.4922698359005,84.486317772713
3,50.6681911144406,181.285277614208
3,10.4377393666655,215.076179806256
3,33.1792186545208,152.627220154137
3,5.53344158222899,132.963569980609
3,1.08856456773356,204.807283343094
3,51.0323164947331,-16.9811461113021
3,0.943061903119087,53.2534423252035
3,34.8690705946647,186.681527038809
3,28.0438181306235,200.304444243841
3,11.7288668048568,257.197633860472
3,24.5367178744636,176.158568532385
3,37.3785881628282,120.427723045867
3,31.5276819523424,23.7028145181845
3,49.284270579461,-37.712219085771
3,22.0944283204153,252.144384322391
3,43.2493759542704,191.616669885855
3,42.1611187378876,69.4770252405313
3,38.4557653968222,40.656282537725
3,24.0224224859849,237.95375491153
3,22.2905518948101,45.9286232741523
3,7.52153289923444,274.121398394153
3,-1.36654616426677,174.981945255915
3,19.0207281960174,265.878693528872
3,20.7809496326372,360.227909896909
3,19.9199279430322,327.419126358428
3,50.6889721858315,207.375953061552
3,44.0903409458697,53.1834001660765
3,-1.7674169940874,50.8137383858497
3,-5.81024625245482,16.3429879060211
3,44.0947844525799,298.28427175973
3,-7.70938926702365,191.956871462013
3,6.69739438826218,302.456436470073
3,29.2829784476198,200.436262216273
3,-9.12366918846965,32.3885069755437
3,51.8060119557194,-41.9794521716783
3,-3.05276304343715,36.2936357078701
3,44.3002343126573,110.190140386128
3,19.8792626778595,263.749474511548
3,-8.5707082268782,82.2369313060463
3,48.5942702847533,237.982729549277
3,31.4884031303227,115.746033876124
3,41.0370023106225,90.5774676291204
3,27.6045854650438,-108.085225017382
3,39.3847546456382,301.990951785497
3,-6.99668119475245,62.8093463409311
3,42.5279458374716,210.760447808463
3,23.7995126000606,288.686459129278
3,9.65104802930728,205.457820668465
3,37.6982295829803,184.80641676014
4,8,524.68
4,1,69.96
4,30,1953.8
4,5,329.8
4,19,1239.24
4,4,264.84
4,22,1434.12
4,15,979.4
4,13,849.48
4,32,2083.72
4,23,1499.08
4,29,1888.84
5,0,0
5,3.75,1.91793588568239
5,7.5,3.80305535660847
5,11.25,5.62310349597683
5,15,7.3469387755102
5,18.75,8.94506589563834
5,22.5,10.3901404582513
5,26.25,11.6574368369324
5,30,12.7252712392815
5,33.75,13.5753727226148
5,37.5,14.1931958148598
5,41.25,14.5681693916152
5,45,14.6938775510204
5,48.75,14.5681693916152
5,52.5,14.1931958148598
5,56.25,13.5753727226148
5,60,12.7252712392815
5,63.75,11.6574368369324
5,67.5,10.3901404582513
5,71.25,8.94506589563835
5,75,7.34693877551021
5,78.75,5.62310349597683
5,82.5,3.80305535660847
5,86.25,1.9179358856824
5,90,1.79948101099203e-15
6,0.2655086631421,-2.41353087882502
6,0.37212389963679,-3.27620631499164
6,0.572853363351896,-4.99433773961024
6,0.908207789994776,-7.01343887180208
6,0.201681931037456,-2.50537657558422
6,0.898389684967697,-6.75143418038585
6,0.944675268605351,-8.79494057077277
6,0.660797792486846,-5.51065022517308
6,0.62911404389888,-4.65551670520934
6,0.0617862704675645,-0.360953802925674
6,0.205974574899301,-0.8436070894495
6,0.176556752528995,-1.46956079461577
6,0.687022846657783,-4.99257480102854
6,0.384103718213737,-1.98706038356421
6,0.769841419998556,-6.84968519968528
6,0.497699242085218,-5.26619329055394
6,0.717618508264422,-5.69422189392703
6,0.991906094830483,-8.17095531508337
6,0.380035179434344,-3.58316969048501
6,0.777445221319795,-6.65287208801514
6,0.934705231105909,-8.1271134956435
6,0.212142521282658,-0.970389422875813
6,0.651673766085878,-4.06147837459982
6,0.125555095961317,-0.0122804022447415
6,0.267220668727532,-2.56727845931214
7,3.56879334338009,-23.0312072266135
7,3.45735788252205,-24.70198617293
7,1.55995817389339,-4.92181648230519
7,3.10928279533982,-19.0851376799383
7,3.84247198887169,-28.9109386769609
7,1.7386379390955,-6.21834726917033
7,2.85005871485919,-18.4695696302995
7,1.599977475591,-6.38347022976771
7,1.30140860751271,-3.028599831445
7,3.02834859210998,-18.3528358691346
7,0.810769020579755,-2.25534197208232
7,2.84448488987982,-16.2980138996662
7,0.486767684109509,-1.28885426545659
7,0.981954055838287,-1.68620405469484
7,0.573217517696321,-2.08225503992036
7,0.95851766038686,-1.47157108749778
7,0.235737509094179,0.13726830248474
7,2.56915303412825,-13.1358064438692
7,3.50507685076445,-24.5519710678694
7,3.11565870977938,-19.1573200144927
7,3.18923530355096,-20.9914537205404
7,1.82109781447798,-6.75196326221099
7,1.64033632818609,-4.71727083923997
7,3.24348097108305,-19.9393685173615
7,2.41973316110671,-11.5664456611608
7,2.61889571230859,-13.8349831020625
7,1.41278908774257,-4.90401437983729
7,1.08104058355093,-3.77488372739825
7,2,-8.79708952507196
7,2.1,-7.56591689355003
8,0.779984889784828,-0.459992929750953
8,0.880619034869596,0.222704109778916
8,0.413124209502712,-1.04776093570015
8,0.0638084805104882,0.589480477998584
8,0.335487491684034,-1.21365193345152
8,0.723725946620107,1.77019249278897
8,0.337615333497524,-0.4331735293032
8,0.630414122482762,1.80438003231285
8,0.840614554006606,-0.244396976681077
8,0.856131664710119,-0.801060502563536
8,0.39135928102769,0.103654723793343
8,0.380493885604665,0.103574112967738
8,0.895445425994694,-1.50109363719699
8,0.644315762910992,1.18261401561082
8,0.741078648716211,-0.971383374828938
8,0.605303446529433,0.456677899274702
8,0.903081611497328,0.675412089412624
8,0.293730155099183,0.196798739731573
8,0.19126010988839,-0.0805400038011503
8,0.886450943304226,0.37497445100664
8,0.503339485730976,-0.968024814108591
8,0.877057543024421,-0.627801708759856
8,0.189193622441962,-1.07592641183114
8,0.758103052387014,1.73171229418124
8,0.724498892668635,1.64271853957214
8,0.943724818294868,0.451390422321736
8,0.547646587016061,-1.12337188216805
8,0.711743867723271,0.138625239752474
8,0.388905099825934,1.58945330277608
8,0.100873126182705,-0.455523659192993
8,0.927302088588476,0.983376855248774
8,0.283232500310987,-0.91735606105033
8,0.59057315881364,0.807487329528201
8,0.110360604943708,-0.933766982288056
8,0.840507032116875,-1.06360565199072
8,0.317963684443384,-0.893299144436942
8,0.782851336989552,-0.713212606288583
8,0.267508207354695,-0.85717904102235
8,0.218645284883678,0.785005362236944
8,0.516796836396679,0.17187090055648
9,1.0620346525684,3.94875646152827
9,1.48849559854716,0.910152781192725
9,2.29141345340759,1.05415322919942
9,3.6328311599791,-4.44749699151309
9,0.806727724149823,-1.74536809622324
9,3.59355873987079,4.96455479289514
9,3.77870107442141,9.81635861718235
9,2.64319116994739,1.60061429924293
9,2.51645617559552,3.95152299827326
9,0.247145081870258,-0.0713091374183193
9,0.823898299597204,-6.22617914446527
9,0.706227010115981,-1.50999120840561
9,2.74809138663113,0.227023340753159
9,1.53641487285495,0.93256491472803
9,3.07936567999423,7.9636194039148
9,1.99079696834087,5.40851631696042
9,2.87047403305769,1.47376124517822
9,3.96762437932193,1.90729110277501
9,1.52014071773738,4.70092945121359
9,3.10978088527918,5.27114070159163
9,3.73882092442364,-0.452721733208691
9,0.848570085130632,-2.85861971670609
9,2.60669506434351,3.90826586215896
9,0.50222038384527,4.24444092965329
9,1.06888267491013,0.293375079176962
9,1.54445637017488,5.64110372841098
9,0.0535613326355815,2.03337846794381
9,1.52955182828009,-1.83649050362978
9,3.47876338288188,4.48860916342763
9,1.36139598675072,-4.55769869100339
9,1.92832046188414,8.7077748780125
9,2.39826330170035,11.8206101338896
9,1.97416522819549,-0.256775199776154
9,0.744870405644178,-4.62477680706731
9,3.30949327442795,5.49619275675443
9,2.67386695276946,1.46382054281145
9,3.17695944290608,14.5496563568487
9,0.431774503551424,0.149219589175293
9,2.89484378416091,5.76457183958261
9,1.64509771857411,1.45608896876262
9,3.28378517646343,-1.08933790324129
9,2.5882407752797,3.01455411779548
9,3.13173104915768,-6.51940830512904
9,2.21214524656534,9.0974905050667
9,2.11887832079083,2.46136934769215
9,3.15742492675781,13.388998293217
9,0.0933248093351722,2.45220749196645
9,1.90892026014626,-2.02259594649206
9,2,4.65363176744527
9,2.1,-2.99048815822126
10,0.419950561597943,-0.925390544066952
10,3.45817979611456,2.27894118135916
10,2.45857988670468,1.3278862318229
10,2.22863815538585,1.82628987364724
10,1.31510927621275,0.113838122961183
10,1.81252578180283,1.61279026101846
10,2.00176389049739,0.927188929161527
10,0.723465444520116,2.39907824306992
10,2.11852241121233,2.43302662926758
10,0.301102982833982,1.17836184264727
10,1.11102373059839,1.28452990303985
10,0.850798076950014,2.41327982449501
10,1.13916192390025,0.256520991552751
10,3.58037641178817,2.38880705715915
10,1.7849412932992,2.90320374033727
10,3.11993955913931,1.82573440340177
10,3.52247613947839,2.60437874567268
10,1.65249683801085,0.917405303083435
10,0.255233922041953,-0.1254055169714
10,1.34194996673614,0.786073271323054
10,2.89490378648043,2.8249370103902
10,1.3504613339901,0.897718670454383
10,2.52165648993105,1.49618900596715
10,3.36245821602643,4.07329656274666
10,3.42452665884048,2.51860453626911
10,1.56543712411076,1.06740647334392
10,1.52197554241866,1.11438397048496
10,3.58178170397878,3.59947165944597
10,2.57726305164397,1.98603910506506
10,2.96431459486485,2.33268847928082
10,2.42121378611773,1.23486073577586
10,3.61232644598931,2.55586277637774
10,1.17492062039673,1.00190174996494
10,0.765040439553559,0.00547103079539335
10,3.5458037732169,3.38408409698507
10,2.0133579429239,0.0467404500987321
10,3.50823017209768,3.12233873429161
10,0.756774489767849,-0.977123726429434
10,3.03241220954806,2.11592435699674
10,2.89799557067454,1.77426815496127
10,3.77489927317947,2.34826179444215
10,2.19058634806424,1.69386539726858
10,2.84697547089309,0.305790168264056
10,1.55562039930373,2.45637713082211
10,0.403492504730821,-1.39212760551371
10,3.7092083543539,2.48993036996657
10,1.13293000124395,-0.243053707198971
10,2.36229263525456,1.1164905369744
10,2,3.7497815419972
10,2.1,1.69791748828405
11,0.396676412783563,1.02185222827883
11,0.475610232912004,0.912643998145742
11,0.20175863802433,0.236516854865388
11,3.71701567899436,7.41666834383308
11,2.69484893139452,5.78351766560412
11,0.379431421868503,1.79648534806315
11,1.97038448322564,4.45446518583317
11,1.84620736259967,4.29636892439269
11,1.50086612347513,2.38607053617125
11,3.96439687814564,8.42074154131796
11,0.705402854830027,1.52076811149038
11,3.25374083407223,5.77385665359834
11,0.273786548525095,0.808084468374259
11,1.60179898701608,3.12422067167416
11,0.564577302895486,1.86144826177587
11,0.773239449597895,1.16343789939346
11,3.36540686711669,6.51570785726911
11,2.87965595349669,5.29625715830467
11,1.06884833239019,2.04914468406211
11,1.9800065793097,4.16101904836257
11,0.33245559129864,0.299037096037476
11,1.41553696244955,3.24626050888994
11,3.8768352214247,7.14962904969717
11,2.49885675869882,4.47372131099377
11,2.65847299899906,6.03752485142026
11,1.24995862599462,1.99199351933692
11,1.6227584509179,3.45150425799456
11,3.98430948611349,7.77808094667252
11,3.42032942548394,7.04535977079335
11,3.81419358402491,8.47282381115184
11,3.24922036938369,7.29173495548837
11,3.12872846331447,6.09200302628756
11,1.07151251565665,1.00040726366707
11,3.04860611818731,7.3460430312917
11,3.94524635653943,8.2240257964616
11,1.17442219611257,2.619508060207
11,1.5974044278264,3.18810909407985
11,3.24852609541267,6.75210640230181
11,0.308606676757336,0.535025437629838
11,1.45478723943233,3.11992180049193
11,1.77036986872554,3.34061636546225
11,0.626856530085206,0.568609121396682
11,2.32882108073682,5.15156129520107
11,3.88064871542156,8.52116994359289
11,3.95799933373928,7.76162838286575
11,0.705808145925403,0.78497141404696
11,2.16852169763297,4.65816404810485
11,1.53721556812525,3.05207656780351
11,2,3.13339079658758
11,2.1,4.20106592984014
12,0.264249049592763,0.264249049592763
12,0.423098609549925,0.423098609549925
12,0.366563616320491,0.366563616320491
12,0.942505322396755,0.942505322396755
12,0.123723565135151,0.123723565135151
12,0.0700326792430133,0.0700326792430133
12,0.964317037956789,0.964317037956789
12,0.442510108230636,0.442510108230636
12,0.370272380299866,0.370272380299866
12,0.170243580127135,0.170243580127135
12,0.0541904293932021,0.0541904293932021
12,0.657828069292009,0.657828069292009
12,0.578161916695535,0.578161916695535
12,0.987101763952523,0.987101763952523
12,0.603792401496321,0.603792401496321
12,0.0649499187711626,0.0649499187711626
12,0.16210908186622,0.16210908186622
12,0.475397920468822,0.475397920468822
12,0.00193283474072814,0.00193283474072814
12,0.441459143068641,0.441459143068641
12,0.260929737240076,0.260929737240076
12,0.938413745490834,0.938413745490834
12,0.715833283727989,0.715833283727989
12,0.163085478357971,0.163085478357971
12,0.476188018452376,0.476188018452376
12,0.690256722969934,0.690256722969934
12,0.460895179538056,0.460895179538056
12,0.95514673832804,0.95514673832804
12,0.712540122447535,0.712540122447535
12,0.397147933254018,0.397147933254018
12,0.117720612091944,0.117720612091944
12,0.24011627305299,0.24011627305299
12,0.863630566513166,0.863630566513166
12,0.435976401669905,0.435976401669905
12,0.497868051985279,0.497868051985279
12,0.691927672130987,0.691927672130987
12,0.760313281789422,0.760313281789422
12,0.155401222640648,0.155401222640648
12,0.849457093048841,0.849457093048841
12,0.946817819029093,0.946817819029093
12,0.588419190375134,0.588419190375134
12,0.502250815276057,0.502250815276057
12,0.189779917709529,0.189779917709529
12,0.00183685822412372,0.00183685822412372
12,0.877578062238172,0.877578062238172
12,0.134111337829381,0.134111337829381
12,0.0227412241511047,0.0227412241511047
12,0.939136706059799,0.939136706059799
12,0.292948722839355,0.292948722839355
12,0.164326574420556,0.164326574420556
13,1.59641022328287,1.17369072946642
13,1.83830164838582,-5.17843628431223
13,1.73612339422107,12.3777727083639
13,2.06803930550814,-0.253961274428674
13,3.38498301059008,3.95854483197967
13,0.220657145604491,-11.5559484720028
13,2.21670824475586,2.59665166359926
13,2.75310095027089,-7.95777627739325
13,2.63223021477461,3.2829032806584
13,2.65337090101093,0.663965326754315
13,1.88893681019545,-2.98211130144658
13,3.87811266444623,4.68223681866325
13,1.60878825094551,-4.31055247170735
13,3.39820841513574,-4.60217572877055
13,3.02657962962985,-6.51865071994202
13,2.13040487747639,-4.40609547250516
13,3.49659864325076,2.97762544524003
13,1.86846046242863,1.23428051651149
13,0.0325138214975595,5.00953917763644
13,2.91106801852584,-3.40612732953131
13,2.86635791510344,0.448672501321523
13,0.749705484136939,0.845971880364002
13,2.58426910731941,-8.4234212655724
13,2.16791711933911,7.8081878777077
13,1.34128303918988,0.00159678507344219
13,2.55163489282131,2.55217754937867
13,3.31680425535887,3.11728125686547
13,2.83590079378337,-1.67077890410303
13,1.39420140348375,-2.22617780057673
13,0.513311499729753,4.21171276226269
13,1.55231395550072,-6.01264772305684
13,3.71271019335836,8.00033183444158
13,3.21756308525801,-3.52694207407081
13,3.03478722833097,6.75333289720946
13,3.82899955566972,5.64656369191828
13,3.9756555147469,-1.57299908944388
13,2.42576397862285,1.62322258494607
13,0.117508661933243,-5.18149672863892
13,1.3457814315334,0.942141799345484
13,1.11063234694302,4.6627461183094
13,0.468790200538933,0.260997334216524
13,0.172873036004603,-2.3571210637741
13,1.48123914282769,-4.01952883366605
13,1.34751323517412,-0.853368730699616
13,0.694610213860869,4.99850219645355
13,2.4870931180194,-3.66342121051609
13,1.59137450996786,-1.40073781162115
13,3.82270307466388,-8.38205155643614
13,2,1.47156418007428
13,2.1,5.48950760057073
14,4.15496356487274,-1.40690557849502
14,-2.86096303313971,2.28712618153411
14,2.80683605745435,-0.396986409053405
14,-2.64354711547494,8.30597050540075
14,-4.50473691746592,8.92638046079334
14,3.47552679553628,-1.44372131859728
14,1.77703204974532,-0.637143990045087
14,4.24391913190484,-4.82231441127684
14,1.68819610029459,3.04547928441861
14,3.29395342469215,-1.50525109673679
14,-1.32581582441926,-2.19491499819482
14,-1.0332875020802,0.566359897409247
14,0.649799016863108,-6.40652847767263
14,-3.88653951734304,3.30076297901113
14,-2.93967291265726,-4.8373100971807
14,0.84543737322092,3.09656912837324
14,2.41444001421332,-4.32106901730973
14,3.52549235746265,-4.81542887354521
14,-1.23076092302799,0.722805926122103
14,2.86861967593431,-1.03196515396693
14,-4.24018183127046,6.27520236293855
14,1.18498281016946,0.518873107245557
14,-1.37624249607325,-0.341385315705131
14,0.844108150899411,-4.93398191973443
14,3.97233256325126,-5.13849929626496
14,-2.88535504415631,3.71909744150794
14,-1.25679721087217,-1.2124461538439
14,1.64551994651556,-1.85204274995095
14,2.57418768703937,-6.07717466542877
14,0.213583450019359,-0.23851049266618
14,3.1495201729238,-2.76295396813159
14,0.26012346893549,-0.697750354318497
14,0.0168463200330731,-0.508579190241278
14,-0.768256129324437,6.0589121376792
14,-1.32193648070097,3.60969601795592
14,-3.61508246138692,6.94937570357882
14,-1.93764931708574,-0.831971541403751
14,-2.14390569850802,2.63693121379189
14,2.59416341409087,0.870312147200948
14,2.67054050043225,-2.84010477401172
14,-3.41964210569859,-2.96843983900537
14,0.149051045626402,0.885486240671965
14,0.933508660644293,-6.64837499740088
14,0.0560930304229261,-2.48960348984358
14,-1.09344352260232,5.06545648650113
14,-0.709458231925964,2.55636877983399
14,-4.68710654675961,7.96211341336569
14,4.02558499574661,-3.10577041120571
14,-4.03737894594669,3.70690265849812
14,0.070792845636606,-2.84373116501846
15,0.944410233525559,-9.21006324757991
15,0.342743474291638,-3.14975884228032
15,0.517950570676476,-6.42102387145421
15,0.625245335279033,-5.05748504569219
15,0.23726485366933,-0.52303688482219
15,0.516123914392665,-6.2823958766387
15,0.806541827740148,-8.03844496286308
15,0.348264734493569,-3.77555954419268
15,0.858687452971935,-8.40931847031857
15,0.034438761183992,-2.34323444627388
15,0.970997145865113,-8.23801075353811
15,0.745110136223957,-8.23778936598135
15,0.273255241801962,-2.48429481549592
15,0.677106101531535,-5.50097019275853
15,0.347947468049824,-3.32972263393306
15,0.947020521620288,-7.63117630210907
15,0.338623774936423,-3.07332904534596
15,0.0317132039926946,-0.933079286519917
15,0.35358579759486,-2.5359127633191
15,0.387123587774113,-3.9179450299966
15,0.356947160093114,-1.43991325585952
15,0.959968606010079,-8.65797716525372
15,0.383738204836845,-2.60082884993108
15,0.546337621053681,-4.7118756862391
15,0.925323475850746,-11.3359598815772
15,0.916859527118504,-9.61784767539552
15,0.24273299286142,-2.60869919589759
15,0.717090838821605,-6.21701388564889
15,0.348946035839617,-5.48323744291551
15,0.5542833507061,-4.02685352297419
15,0.74297241307795,-7.29117745155599
15,0.819698318606243,-8.1301621468191
15,0.869657265022397,-9.38252697774582
15,0.0358651343267411,-1.77667994694173
15,0.220024403417483,-1.92388779470294
15,0.3669732096605,-2.79338948027061
15,0.305696442024782,-4.84915093800734
15,0.727830457501113,-7.55483609695936
15,0.699728766223416,-5.76178717375815
15,0.910060926806182,-8.64358542590555
15,0.845602609682828,-5.44505498532819
15,0.778544640168548,-5.76115508876882
15,0.400843428215012,-3.01209281986551
15,0.576804658863693,-5.18635748023505
15,0.0763594461604953,-0.407874233389198
15,0.872974850703031,-8.5626797815949
15,0.956285735592246,-7.97855446737296
15,0.505531079834327,-3.06956575842324
15,0.924366363789886,-7.23586736402569
15,0.134513532742858,-2.02386605134981
16,0.0527368842158467,-0.0527368842158467
16,0.411155431065708,-0.411155431065708
16,0.456341215176508,-0.456341215176508
16,0.415860247565433,-0.415860247565433
16,0.670353451743722,-0.670353451743722
16,0.756904080044478,-0.756904080044478
16,0.911651314469054,-0.911651314469054
16,0.819952085847035,-0.819952085847035
16,0.0936498525552452,-0.0936498525552452
16,0.177906081313267,-0.177906081313267
16,0.6422145802062,-0.6422145802062
16,0.874282993841916,-0.874282993841916
16,0.592313350411132,-0.592313350411132
16,0.262432192219421,-0.262432192219421
16,0.883752264082432,-0.883752264082432
16,0.187689346261322,-0.187689346261322
16,0.488866982283071,-0.488866982283071
16,0.0098204871173948,-0.0098204871173948
16,0.360434043221176,-0.360434043221176
16,0.442161690909415,-0.442161690909415
16,0.125729221384972,-0.125729221384972
16,0.6243645476643,-0.6243645476643
16,0.302431331714615,-0.302431331714615
16,0.239637228194624,-0.239637228194624
16,0.358629763592035,-0.358629763592035
16,0.89291041251272,-0.89291041251272
16,0.990627265069634,-0.990627265069634
16,0.732421197462827,-0.732421197462827
16,0.99278808827512,-0.99278808827512
16,0.53978936211206,-0.53978936211206
16,0.433801761828363,-0.433801761828363
16,0.96467367419973,-0.96467367419973
16,0.148319643223658,-0.148319643223658
16,0.0664930557832122,-0.0664930557832122
16,0.0242514880374074,-0.0242514880374074
16,0.61242324183695,-0.61242324183695
16,0.696608748054132,-0.696608748054132
16,0.801141887204722,-0.801141887204722
16,0.137730283895507,-0.137730283895507
16,0.15978482272476,-0.15978482272476
16,0.988833592971787,-0.988833592971787
16,0.398645695531741,-0.398645695531741
16,0.187911816174164,-0.187911816174164
16,0.477728241123259,-0.477728241123259
16,0.544234022730961,-0.544234022730961
16,0.328157980693504,-0.328157980693504
16,0.999930593650788,-0.999930593650788
16,0.527781835990027,-0.527781835990027
16,0.133734508184716,-0.133734508184716
16,0.438540067756549,-0.438540067756549
17,-0.88486361480318,-4.73070742855196
17,-0.437079621525481,-2.19102965317358
17,0.405984126077965,-2.42720863979954
17,1.81447271797806,-40.2768743623633
17,-1.15293588964269,-15.6833619318048
17,1.77323667686433,-29.3539753207699
17,1.96763612814248,-31.9225215700699
17,0.775350728444755,-6.5256261577131
17,0.642278984375298,-2.1868648799048
17,-1.74049766403623,-30.5623463880702
17,-1.13490678542294,-19.7654319001333
17,-1.25846163937822,-17.9122297943636
17,0.885495955962688,-9.81248064881449
17,-0.386764383502304,-1.7924338670151
17,1.23333396399394,-9.71099980749057
17,0.0903368167579175,3.73427133766819
17,1.01399773471057,-11.1045320412497
17,2.16600559828803,-48.1826109188334
17,-0.403852246375754,1.85385050799626
17,1.26526992954314,-13.2257639526927
17,1.92576197064482,-40.5293701485657
17,-1.10900141061284,-15.8363170722232
17,0.737029817560688,-3.60921970905125
17,-1.47266859696247,-17.8448633422169
17,-0.877673191344365,-8.26483336879717
17,-0.378320811316371,2.9742722695203
17,-1.94376060073264,-35.7915233277698
17,-0.393970580305904,-4.61226014771956
17,1.65270155202597,-25.6086257435685
17,-0.570534213911742,-8.90190837284286
17,0.024736484978348,7.15899957161434
17,0.518176466785371,7.21693098522759
17,0.072873489605263,-1.88921283720503
17,-1.21788607407361,-20.053138025807
17,1.47496793814935,-18.9067060484733
17,0.807560300407931,-7.19680940735361
17,1.33580741505139,-5.83572569853878
17,-1.54663677127101,-24.1170530361418
17,1.03958597336896,-7.35869314800095
17,-0.272647395497188,-0.60335522881067
17,1.4479744352866,-24.6826656968474
17,0.717652814043686,-4.2062941174765
17,1.28831760161556,-25.62241557078
17,0.322752508893609,6.28608248784324
17,0.224822236830369,0.260816309325384
17,1.3152961730957,-6.43698187779125
17,-1.90200895019807,-33.7988328218373
17,0.00436627315357319,-3.54992279802159
17,2,-36.9463682325547
17,2.1,-48.7704881582213
18,-16.8293732599355,104.377553527154
18,6.10925746066496,-47.1285769611015
18,-1.43772185537964,-235.914793612546
18,-3.17378192683682,-381.08404340842
18,-10.0709249645937,-1109.2096340368
18,-6.31543034738861,-759.537391632854
18,-4.88668262674473,-689.322736566738
18,-14.5378358938731,-282.643524973186
18,-4.00515579534695,-410.675614562228
18,-17.7266724796034,764.543946432067
18,-11.6117708339822,-897.75458594731
18,-13.5764745190274,-496.568177111822
18,-11.3993274745531,-1034.3859794034
18,7.03184190900065,-194.383268033362
18,-6.52369323559105,-628.442111639698
18,3.5555436715018,106.103101923769
18,6.59469485306181,-87.1194864876243
18,-7.5236488730181,-939.676418374735
18,-18.0729838885833,791.203367999972
18,-9.86827775114216,-1033.14886682022
18,1.85652358792722,204.089317810434
18,-9.80401692837477,-1020.51899817029
18,-0.961493501020595,-165.220071421895
18,5.38655953099951,253.379224497964
18,5.8551762742456,16.2036758677927
18,-8.18094971296378,-961.387040106027
18,-8.50908465473913,-970.880366830969
18,7.04245186503977,-55.4744854075626
18,-0.541663960088044,-65.7691988382578
18,2.38057519122958,163.378987433909
18,-1.71983591481112,-278.274212820478
18,7.27306466721929,-225.307380005732
18,-11.1293493160047,-965.83174373682
18,-14.2239446813706,-638.470774476961
18,6.77081848778762,-27.9797256644285
18,-4.79914753092453,-781.907125341243
18,6.48713779933751,-8.32678499158212
18,-14.2863526022527,-738.16522725872
18,2.89471218208782,145.304665350031
18,1.87986655859277,82.6108273502241
18,8.50048951250501,-565.016749899247
18,-3.46107307211496,-431.264901534345
18,1.49466480524279,-105.935994730527
18,-8.25506598525681,-803.22707410914
18,-16.9536315892823,103.492047794663
18,8.00452307537198,-408.764158842128
18,-11.4463784906082,-1089.04435850956
18,-2.16469060382806,-343.28270251074
18,2,402.459985475402
18,2.1,158.72647436319
19,-0.504154484020546,0.994522141589686
19,-0.405487208859995,0.976285940191975
19,-0.747801702469587,0.997534451989899
19,3.64626959874295,1.50592241199974
19,2.36856116424315,1.34734239561431
19,-0.525710722664371,1.07294486315223
19,1.46298060403205,1.78576149628546
19,1.30775920324959,1.61257603706938
19,0.876082654343918,0.0698565854737899
19,3.95549609768204,1.46561466105991
19,-0.118246431462467,0.895825247934451
19,3.06717604259029,1.48699261472802
19,-0.657766814343631,0.988728423065163
19,1.0022487337701,1.80398569914986
19,-0.294278371380642,0.945608178028069
19,-0.0334506880026311,0.969454965471073
19,3.20675858389586,1.3842462256862
19,2.59956994187087,1.18742561873801
19,0.336060415487736,0.02854283634353
19,1.47500822413713,1.64804587970851
19,-0.5844305108767,1.0589564949267
19,0.769421203061938,-0.085773877827617
19,3.84604402678087,1.37559310669065
19,2.12357094837353,1.30232219718594
19,2.32309124874882,1.12787482996337
19,0.562448282493278,0.0292502045745436
19,1.02844806364737,1.67294360037127
19,3.98038685764186,1.47906753061522
19,3.27541178185493,1.56991000332049
19,3.76774198003113,1.56264777877438
19,3.06152546172962,1.42650554615152
19,2.91091057914309,1.03774827699423
19,0.339390644570813,0.177333972878226
19,2.81075764773414,1.24736169784035
19,3.93155794567429,1.48843424085342
19,0.468027745140716,-0.000951366143359518
19,0.996755534783006,0.0362176980296578
19,3.06065761926584,1.43832931594435
19,-0.61424165405333,1.02986931967107
19,0.818484049290419,-0.0284175188224127
19,1.21296233590692,1.60271524069413
19,-0.216429337393492,1.0701365169893
19,1.91102635092102,1.80790189681047
19,3.85081089427695,1.42807941958498
19,3.9474991671741,1.36101642735185
19,-0.117739817593247,1.04559913270313
19,1.71065212204121,1.69682565128053
19,0.92151946015656,-0.123058506884564
19,2.38082025409676,1.2001513620373
19,0.34646889870055,-0.0447513237088984
19,0,0.475791230829911
19,0,0.417883362252854
19,1,1.12802307546214
19,1,0.976489625416223
20,0.2655086631421,5.824978395033
20,0.37212389963679,5.61553396742576
20,0.572853363351896,8.26979410286245
20,0.908207789994776,4.51432230960431
20,0.201681931037456,6.37807180234801
20,0.898389684967697,9.28826145082406
20,0.944675268605351,5.21782223814217
20,0.660797792486846,6.22066842158658
20,0.62911404389888,8.66674093401958
20,0.0617862704675645,1.26572399150205
20,0.205974574899301,7.90328050314073
20,0.176556752528995,3.73161307185343
20,0.687022846657783,8.77017237352547
20,0.384103718213737,6.69388286660207
20,0.769841419998556,6.27800944773243
20,0.497699242085218,7.77157878995796
20,0.717618508264422,4.93349829520091
20,0.991906094830483,7.31843064386922
20,0.380035179434344,6.84222474102257
20,0.777445221319795,10.6066265954784
20,0.934705231105909,6.60741768986221
20,0.212142521282658,3.33855439896047
20,0.651673766085878,8.7143597342895
20,0.125555095961317,1.42244930912945
20,0.267220668727532,3.37192890192586
20,0.386114092543721,7.108339817652
20,0.0133903331588954,-0.333765501297389
20,0.382387957070023,6.63694595995429
20,0.86969084572047,6.72653978663952
20,0.34034899668768,5.30769470698369
20,0.482080115471035,6.55097503289679
20,0.599565825425088,7.59679413258811
20,0.493541307048872,9.23400273581143
20,0.186217601411045,1.67654993312582
20,0.827373318606988,7.88432007976253
20,0.668466738192365,8.27413841023861
20,0.79423986072652,8.8343071467399
20,0.107943625887856,2.0092782343486
20,0.723710946040228,8.1726511975113
20,0.411274429643527,7.29957579767435
20,0.820946294115856,6.23082094995777
20,0.647060193819925,9.61456866594731
20,0.78293276228942,9.0542487754551
20,0.553036311641335,8.75924502542884
20,0.529719580197707,10.0111830138572
20,0.789356231689453,8.10997022044481
20,0.023331202333793,-1.34249515438904
20,0.477230065036565,6.51588280506271
20,0.7323137386702,5.74525630750495
20,0.692731556482613,7.01064777046988
20,0.477619622135535,6.44753046857436
20,0.8612094768323,6.75977547080857
20,0.438097107224166,5.74746370061184
20,0.244797277031466,5.15846094755236
20,0.0706790471449494,0.68518865863915
20,0.0994661601725966,4.93971456798427
20,0.31627170718275,6.98129803830874
20,0.518634263193235,8.95148794491392
20,0.662005076417699,8.36139052312592
20,0.406830187188461,9.38380277633469
20,0.912875924259424,5.20144436371218
20,0.293603372760117,4.92355841353975
20,0.459065726259723,9.41023969377823
20,0.332394674187526,5.12409793615797
20,0.65087046707049,7.48804326326815
20,0.258016780717298,4.52975444113511
20,0.478545248275623,6.90353081112426
20,0.766310670645908,6.99445593276724
20,0.0842469143681228,2.70550450449381
20,0.875321330036968,6.29328891116606
20,0.339072937844321,5.41847810936907
20,0.839440350187942,8.90736496198107
20,0.34668348915875,5.94142928304274
20,0.333774930797517,5.8469243862951
20,0.476351245073602,7.22028484135629
20,0.892198335845023,7.45360044701011
20,0.864339470630512,6.55648574977664
20,0.389989543473348,6.65145044926212
20,0.777320698834956,6.32597737599513
20,0.960617997217923,5.07330579049912
20,0.434659484773874,7.17815042592083
20,0.712514678714797,6.77598189079942
20,0.399994368897751,7.59719360839443
20,0.325352151878178,3.73913221963905
20,0.757087148027495,7.9233964977039
20,0.202692255144939,1.94094863740227
20,0.711121222469956,7.21269851055069
20,0.121691921027377,1.95369969615025
20,0.245488513959572,3.95377846824622
20,0.14330437942408,3.0865414155885
20,0.239629415096715,1.97075110730598
20,0.0589343772735447,3.16876918337405
20,0.642288258532062,5.30906366802057
20,0.876269212691113,5.85448005286318
20,0.778914677444845,5.66482528377672
20,0.79730882588774,6.0924648686336
20,0.455274453619495,10.3671145965593
20,0.410084082046524,6.91481639374417
20,0.810870242770761,5.19209426139528
20,0.604933290276676,5.34353824158973
21,-0.6,-15.3223537802777
21,-0.46,-3.65088897402015
21,-0.091,-2.45738811917228
21,0.18488225992769,5.57197089623613
21,0.702374035958201,17.802143319581
21,0.573326334822923,14.2160245247768
21,0.168051920365542,3.06863063080139
21,0.943839338840917,24.2279981932757
21,0.943474958650768,23.7744026692321
21,0.129158976720646,4.12057203363273
21,0.833448815625161,19.6126380024459
21,0.468018515501171,11.8742969862119
21,0.54998374171555,13.0602098456858
21,0.55267406697385,15.0210173607876
21,0.23889475944452,6.66973005372785
21,0.760513313114643,18.5030536816871
21,0.180820100707933,4.09694864355724
21,0.405282181221992,11.532274375706
21,0.853548452956602,23.1347994036237
21,0.976398489437997,24.8377808758626
21,0.225825461093336,6.55263696075187
21,0.444809229113162,10.8656346706659
21,0.0749794247094542,1.30771263277033
21,0.661898758495227,16.0233568368992
21,0.387549542589113,10.3021594009641
21,0.836889176862314,20.4310704294274
21,0.150501440744847,3.21326620358164
21,0.34727224893868,8.32538505119151
21,0.488773231394589,11.9505459090469
21,0.149246862856671,3.16064101431163
21,0.357062590075657,7.98122397419746
21,0.962644048267975,23.5187390617944
21,0.132372003281489,4.9099077625967
21,0.0104145254008472,0.961473419656659
21,0.164642242016271,4.50422483784349
21,0.810192144475877,22.2230659699372
21,0.868861036840826,21.8191118608586
21,0.514281762996688,11.5815852570875
21,0.627196286572143,16.934282658003
21,0.844429003074765,21.9321063678771
21,0.284870574250817,6.03578610361894
21,0.667225647717714,16.7911682744283
21,0.150469752028584,3.94256427212258
21,0.981727862264961,25.3162444921957
21,0.297010735142976,8.40792517269816
21,0.115084075368941,3.54719242232777
21,0.163200871786103,2.6592775622524
21,0.944041808135808,23.3649679392449
21,0.794863823568448,18.8968107411181
21,0.974687897600234,23.5311147861433
21,0.349088410614058,7.80471483543154
21,0.501969880890101,11.4257830186311
21,0.810397262685001,20.6322184260392
21,0.00710903806611896,2.08846143296411
21,0.0146939109545201,1.27934338328459
21,0.683403422823176,16.2664896716984
21,0.929720221785828,22.5385295768314
21,0.27540119853802,6.94585357198927
21,0.811859695473686,20.7388520076703
21,0.785878912778571,18.072148084252
21,0.988902155542746,22.4844460228085
21,0.613952909596264,14.5413403122344
21,0.710185730131343,19.2751837788454
21,0.770027856575325,19.2151861827071
21,0.886984157143161,23.2285032300086
21,0.625121729681268,15.567490268797
21,0.260300035355613,7.46069240199227
21,0.859073117841035,21.0635504536919
21,0.437488002004102,11.0095273008144
21,0.388144757598639,9.05612738899167
21,0.461501105222851,10.7517579179919
21,0.218675193376839,5.40176377762155
21,0.0659355104435235,1.12891903372995
21,0.275701026665047,7.58352244822477
21,0.310381097486243,9.44770562063649
21,0.0421755260322243,1.09622118857154
21,0.184673463227227,4.24986363077367
21,0.183373228181154,3.18198245551273
21,0.755462416447699,17.2554672056773
21,0.288059732178226,4.997388956234
21,0.867844662396237,21.1186735879397
21,0.402642735978588,10.4039678700089
21,0.57268500351347,12.6813803262664
21,0.350642574951053,8.39986712953537
21,0.671998928301036,17.2444864958031
21,0.0250503565184772,1.12080288406377
21,0.401101037859917,10.1209313828148
21,0.199976529926062,6.36633134746468
21,0.856525000883266,20.8699633184987
21,0.971515428507701,24.272098297713
21,0.323722436791286,7.3970183251002
21,0.733191433362663,17.5963836972284
21,0.340068240184337,10.3968044015868
21,0.976755184587091,24.8591024382997
21,0.397016411880031,12.2757735011877
21,0.379998879274353,9.68748994479686
21,0.560387630248442,13.6434411964333
21,0.463808179134503,11.1175438278579
21,0.19677682663314,4.91858340388934
21,0.426943402737379,10.4586178859677
22,0.168041526339948,0.962346750149911
22,0.807516399072483,3.38394519302622
22,0.384942351374775,2.02752412942689
22,0.327734317164868,1.06931064991731
22,0.602100674761459,2.16068334716149
22,0.604394054040313,2.74784660553396
22,0.124633444240317,0.494110377071664
22,0.294600924244151,1.87429317652754
22,0.577609919011593,3.41798170659875
22,0.630979274399579,2.65948794090112
22,0.512015897547826,2.85372990992312
22,0.505023914156482,2.98883061357778
22,0.534035353455693,2.80704323169359
22,0.5572494356893,2.98238034312422
22,0.86791948764585,5.35882771552304
22,0.829708693316206,3.74958104885399
22,0.11144915339537,0.510567549028018
22,0.70368835888803,4.19054355549123
22,0.897488264366984,3.33057301581775
22,0.279732553754002,1.45074825222653
22,0.228201881283894,1.13386086794295
22,0.0153298925142735,0.0838100141250219
22,0.128981558606029,0.777010405369716
22,0.0933819285128266,0.491876090437985
22,0.236885007470846,1.23934116546221
22,0.791147409472615,4.54719288901122
22,0.599731565685943,3.72857223179346
22,0.910147710936144,4.89965127500389
22,0.560424553928897,2.24839370784553
22,0.755704769166186,3.65998935353759
22,0.379171891137958,2.5539256257711
22,0.373280976898968,1.73489862885792
22,0.170290642883629,0.968722170247724
22,0.453307323623449,2.82156886843382
22,0.258413960458711,1.49732705580792
22,0.336265952326357,1.67917685302933
22,0.889583034673706,4.64286786045105
22,0.201946298824623,0.830713420565387
22,0.579186042770743,3.15063323678113
22,0.207632029894739,0.854117246265118
22,0.281468792352825,1.16702071252828
22,0.786281204083934,3.15299208600247
22,0.173019349342212,0.752482304167157
22,0.570747518213466,3.45527503187365
22,0.419282963266596,1.93252631620028
22,0.267622165149078,1.31922034225739
22,0.0478094418067485,0.216956817745333
22,0.103493053931743,0.573445518106463
22,0.314031455665827,1.86271996439837
22,0.800641062203795,3.83565167697932
22,0.229324695421383,1.28819708894116
22,0.212998440722004,0.978711325034787
22,0.877100905869156,5.30918279366251
22,0.993221963290125,5.56431175795282
22,0.844247019849718,5.08022366557154
22,0.910436549223959,5.10588050048146
22,0.47126973234117,2.45377707894521
22,0.224418408004567,0.696207102371606
22,0.12781465658918,0.551829192721274
22,0.279683512402698,1.53303998070055
22,0.816106060286984,3.70264786522014
22,0.0576129928231239,0.271948207804317
22,0.802829249529168,3.68202369935823
22,0.104387835366651,0.690918709923858
22,0.766606018645689,3.2802644455014
22,0.304810566361994,1.38594524991005
22,0.769287420902401,3.85740495898224
22,0.54065572633408,2.81993300965995
22,0.362370532238856,1.8802936543867
22,0.0925569161772728,0.458142990899773
22,0.759755255188793,2.66262335188116
22,0.760819946881384,4.08395803397874
22,0.903260845225304,4.98342017270005
22,0.966282786102965,4.36340890793684
22,0.515256622806191,2.92400693957332
22,0.549480673857033,2.3284525959009
22,0.163719896925613,0.881807445869772
22,0.164596953662112,0.713691840560957
22,0.786332777468488,2.57575552705512
22,0.751113419653848,4.62409387613559
22,0.784214704297483,4.46493158679174
22,0.654354914557189,3.36544963799425
22,0.37810439732857,2.45496135813889
22,0.00856696744449437,0.0288522315038247
22,0.955329553689808,4.89878285287255
22,0.838616147870198,2.17732952372986
22,0.213424937566742,1.37529498562895
22,0.494713556254283,2.03876747478642
22,0.636244256282225,2.35000739953321
22,0.92109139310196,3.79747652340033
22,0.0117440407630056,0.0450456722351356
22,0.267402917146683,0.806929033287647
22,0.435572101734579,1.74666841769332
22,0.829467094736174,4.02151808823557
22,0.870944038499147,5.14946254190126
22,0.251068959478289,1.35769803195811
22,0.324358248384669,1.21887849381103
22,0.306237811921164,1.33437172917442
22,0.184282035101205,1.27711941072398
22,0.679977399529889,3.67881329448063
23,1,0.991148578389232
23,2,0.999250789216707
23,3,1.01186276203864
23,4,1.000373148657
23,5,0.994835570820242
23,6,0.979799375942897
23,7,0.961797877572664
23,8,0.963404898671661
23,9,0.954643300472567
23,10,0.960627376052701
23,11,0.951029110893337
23,12,0.945745706934704
23,13,0.955495068335719
23,14,0.952989709825688
23,15,0.930447680998957
23,16,0.932759263967881
23,17,0.924414858276514
23,18,0.939195187355594
23,19,0.935340137383755
23,20,0.941761311703557
23,21,0.948294886571513
23,22,0.938060093769042
23,23,0.937480860555023
23,24,0.948733986957529
23,25,0.954478718430267
23,26,0.9501632374568
23,27,0.956211046850757
23,28,0.96221332868878
23,29,0.969446964131845
23,30,0.977208596261056
23,31,0.965122653326995
23,32,0.963461884992086
23,33,0.97224930410637
23,34,0.982561133639286
23,35,0.97429708056937
23,36,0.968602751503674
23,37,0.951492627598521
23,38,0.948602676361098
23,39,0.938715383707599
23,40,0.932346352634547
23,41,0.933276942521083
23,42,0.943769902338116
23,43,0.936708211887257
23,44,0.926844512076045
23,45,0.923066170829445
23,46,0.923546587140952
23,47,0.92495640289101
23,48,0.917405442766905
23,49,0.906110176585701
23,50,0.898455524573198
23,51,0.908943813348954
23,52,0.896956140463164
23,53,0.906074688190689
23,54,0.905942561947864
23,55,0.9053095250214
23,56,0.906176656071105
23,57,0.894830129217719
23,58,0.896251014018293
23,59,0.892732998246712
23,60,0.883252768223387
24,0.201681931037456,0.949430788550195
24,0.898389684967697,10.3025261645037
24,0.944675268605351,11.7540447834639
24,0.660797792486846,9.2882530613712
24,0.62911404389888,7.44658079944357
24,0.0617862704675645,1.12910685717014
24,0.205974574899301,2.41788985820871
24,0.176556752528995,0.741621473519337
24,0.687022846657783,7.82927959659371
24,0.384103718213737,4.21495466485449
24,0.769841419998556,9.17878364327149
24,0.497699242085218,7.0724162770065
24,0.717618508264422,9.37459784763061
24,0.991906094830483,11.7383495417122
24,0.380035179434344,4.30706047307562
24,0.777445221319795,10.0263060312423
24,0.934705231105909,11.7731259719446
24,0.212142521282658,1.85695456084238
24,0.651673766085878,7.11259003606842
24,0.125555095961317,1.87124311367264
24,0.267220668727532,3.9751809492458
24,0.386114092543721,4.52102289837443
24,0.0133903331588954,1.04179172436096
24,0.382387957070023,4.98676136520734
24,0.86969084572047,9.82426375539487
24,0.34034899668768,4.42530765167659
24,0.482080115471035,4.65559828957163
24,0.599565825425088,8.6278136068021
24,0.493541307048872,7.90289558309233
24,0.186217601411045,1.86738974046603
24,0.827373318606988,8.88434519696732
24,0.668466738192365,8.59132048575079
24,0.79423986072652,9.39582372483742
24,0.107943625887856,3.69694127115905
24,0.723710946040228,8.64529134974957
24,0.411274429643527,5.6250325181731
24,0.820946294115856,9.87935768817094
24,0.647060193819925,7.0214491169567
24,0.78293276228942,9.58398544698738
24,0.553036311641335,4.83147711080499
24,0.529719580197707,7.82218982393537
24,0.789356231689453,9.62552811848533
24,0.023331202333793,2.45258609836767
24,0.477230065036565,6.20227030933844
24,0.7323137386702,8.07781843312059
24,0.692731556482613,8.92350503128041
24,0.477619622135535,4.79733783398217
24,0.8612094768323,9.0808803217485
24,0.438097107224166,5.54861152220746
24,0.244797277031466,2.49427545115916
24,0.3,-4
25,0.500440972624347,-0.702451587933955
25,0.180866361130029,-1.59672755626455
25,0.529630602803081,-2.11015145121629
25,0.0752757457084954,-1.18197470608653
25,0.277755932649598,-0.51476471398773
25,0.212699519237503,-0.731080435660477
25,0.284790480975062,-1.4213358012227
25,0.895094102947041,-2.12438801072182
25,0.4462353233248,-1.55592170260451
25,0.779984889784828,-2.12339563059518
25,0.880619034869596,-2.74061695487813
25,0.413124209502712,-2.42927345977544
25,0.0638084805104882,-0.871223829749871
25,0.335487491684034,-1.29536966393114
25,0.723725946620107,-4.02528956408112
25,0.337615333497524,-0.773742552093611
25,0.630414122482762,-3.80240592171937
25,0.840614554006606,-1.73701091256148
25,0.856131664710119,-3.92522325484318
25,0.39135928102769,0.112860083705534
25,0.380493885604665,-1.93449542990106
25,0.895445425994694,-4.55406853948434
25,0.644315762910992,-2.55188018405616
25,0.741078648716211,-2.93683925901804
25,0.605303446529433,-4.10139650851367
25,2,-8
26,0.854001502273604,6.86863699235265
26,0.347230677725747,2.17843158268928
26,0.131442320533097,0.054332488887415
26,0.374486864544451,3.2039940516976
26,0.631420228397474,4.4074122517866
26,0.390078933676705,2.35569777362304
26,0.689627848798409,5.14528067668134
26,0.689413412474096,4.33708825248205
26,0.554900623159483,6.54296238911485
26,0.429624407785013,4.68764905918464
26,0.452720062807202,3.94862444872627
26,0.306443258887157,2.85834333232292
26,0.578353944001719,3.5055956709001
26,0.910370304249227,7.25837050364552
26,0.142604082124308,0.649633890359401
26,0.415047625312582,1.89727879901853
26,0.210925750667229,3.3596627970532
26,0.428750370861962,2.07228151683256
26,0.132689975202084,0.634633372807672
26,0.460096445865929,2.60572485026515
26,0.942957059247419,5.65362362299092
26,0.761973861604929,5.93279218104482
26,0.932909828843549,5.00675391952729
26,0.470678497571498,3.0885604808832
26,0.603588067693636,3.65082105955404
26,0.484989680582657,2.00476172744352
26,0.10880631650798,0.691226833048706
26,0.247726832982153,1.30320830127098
26,0.498514530714601,2.89737634204062
26,0.372866708086804,3.59118311651424
26,0.934691370232031,7.07524894829472
26,0.523986077867448,3.57744642083114
26,0.317144671687856,2.37650319351108
26,0.277966029476374,1.20845051549465
26,0.787540507735685,5.31144234827761
26,0.702462512534112,6.01941418281248
26,0.165027638664469,1.13844521449941
26,0.0644575387705117,0.612991404950825
26,0.754705621628091,7.30770074147437
26,0.620410033036023,3.63917597735343
26,0.169576766667888,2.14782975062574
26,0.0622140523046255,2.22598341967019
26,0.109029268613085,-0.30096028304183
26,0.381716351723298,2.68965100848769
26,0.169310914585367,0.795267772791718
26,0.298652542056516,1.59973504202906
26,0.192209535045549,0.299749093532102
26,0.257170021301135,0.903978885147369
26,0.181231822818518,2.53800992333667
26,0.477313709678128,3.9350369163444
26,0.770737042883411,6.17079361906738
26,0.0277871224097908,1.75188023321351
26,0.527310776989907,3.32577364204546
26,0.880319068906829,6.97878993109593
26,0.373063371982425,2.55080882575643
26,0.0479591316543519,-0.165664396214626
26,0.138628246728331,1.89646045243134
26,0.321492120390758,2.28738253357747
26,0.154831611318514,0.0176211057165792
26,0.132228172151372,0.68714085178054
26,0.221305927727371,3.04436493793483
26,0.226380796171725,2.75682412019155
26,0.13141653384082,-0.537791473236641
26,0.981563460314646,6.96600044919117
26,0.327013726811856,3.13676105127902
26,0.506939497077838,1.92421194978427
26,0.68144251476042,6.1786609601569
26,0.0991691031958908,0.152423360270122
26,0.118902558228001,1.11098263170236
26,0.0504396595060825,0.159104871872281
26,0.929253919748589,8.08093561945886
26,0.673712232848629,3.24043799467988
26,0.0948578554671258,0.519396780959339
26,0.492596120806411,2.49496970046249
26,0.461551840649918,3.63740561649435
26,0.375216530868784,4.8557779177224
26,0.991099219536409,5.42319752850453
26,0.176350713707507,1.17274757394051
26,1.42,19
27,0.441459143068641,-8.81299143986026
27,0.260929737240076,-4.00665219998463
27,0.938413745490834,-18.2190983460442
27,0.715833283727989,-13.8851630526314
27,0.163085478357971,-2.24121431072164
27,0.476188018452376,-7.32794505147455
27,0.690256722969934,-12.8448228354915
27,0.460895179538056,-9.17919242101071
27,0.95514673832804,-19.3369013230923
27,0.712540122447535,-13.8692953053822
27,0.397147933254018,-8.48564005833637
27,0.117720612091944,-2.49562421286571
27,0.24011627305299,-4.16783001978525
27,0.863630566513166,-17.260837855774
27,0.435976401669905,-5.63438475063331
27,0.497868051985279,-9.30348131205522
27,0.691927672130987,-12.0164185030338
27,0.760313281789422,-16.7350763338391
27,0.155401222640648,-2.21162207297688
27,0.849457093048841,-17.4559299283795
27,0.946817819029093,-17.0697348839436
27,0.588419190375134,-10.7818344616756
27,0.502250815276057,-9.95029406951485
27,0.189779917709529,-2.28155980630379
27,0.00183685822412372,-0.73613197550527
27,0.877578062238172,-17.2545974867658
27,0.134111337829381,-3.54918759978366
27,0.0227412241511047,-1.10026186562438
27,0.939136706059799,-16.8984124617631
27,0.292948722839355,-5.13232358440259
27,0.164326574420556,-2.11704569631353
27,0.399102555820718,-7.97306722464733
27,0.459575412096456,-8.35556253805801
27,0.434030848555267,-8.00242119806358
27,0.517009826377034,-11.2494440435462
27,0.846245752647519,-14.3002400128274
27,0.0551642864011228,-0.913673780687657
27,0.554177061188966,-9.76376516343249
27,0.688275237567723,-12.1220928368778
27,0.658057553693652,-12.5536592216217
27,0.663342725252733,-12.9093271995689
27,0.472234202548862,-8.07877614600286
27,0.969528166111559,-19.4683333051809
27,0.402197062736377,-5.67040680576701
27,0.849552103783935,-16.5251220781831
27,0.756644907407463,-12.7221079384668
27,0.532601219369099,-8.60721047406224
27,0.874149660812691,-16.5258778218552
27,0.467115115607157,-8.30796628168449
27,0.00812845537438989,-1.17898913164787
27,0.72776700463146,-13.5045665849753
27,0.716589478775859,-12.5715876383851
27,0.187426371034235,-3.46202256275326
27,0.646067276829854,-12.7294151689216
27,0.541979279834777,-10.9533881693112
27,1.47655086631421,-17
27,1.48721238996368,-20
27,1.50728533633519,-21
27,1.54082077899948,-19
28,0.485672106966376,1.8874744633086
28,0.938176916679367,1.47388118110914
28,0.857501537073404,0.677268492312998
28,0.370883537689224,0.379962686566745
28,0.314201829954982,-0.192798426457334
28,0.828534359810874,1.5778917949044
28,0.451841513160616,0.596234109318454
28,0.315878412220627,-1.17357694087136
28,0.0978085375390947,-0.155642534890318
28,0.0649005365557969,-1.91890982026984
28,0.689457366475835,-0.195258846110637
28,0.668050603941083,-2.59232766994599
28,0.90454664779827,1.31400216719805
28,0.301693270448595,-0.635543001032135
28,0.932808704674244,-0.429978838694188
28,0.201983017381281,-0.169318332301963
28,0.792378755984828,0.612218173989128
28,0.224630508804694,0.6783401772227
28,0.0307565710972995,0.567951972471672
28,0.862034041201696,-0.572542603926126
28,0.685107505181804,-1.36329125627834
28,0.942074909573421,-0.388722244337901
28,0.675853760447353,0.277914132450543
28,0.843120148405433,-0.823081121572025
28,0.361894184956327,-0.0688409344784646
28,0.392365885199979,-1.1676623261298
28,0.567687397589907,-0.0083090142156068
28,0.0951521336100996,0.128855401597405
28,0.193784071598202,-0.145875628461003
28,0.588066393043846,-0.163910956736068
28,0.751504168147221,1.76355200278492
28,0.867238787235692,0.762586512418318
28,0.371795737184584,1.11143108073063
28,0.798814549576491,-0.923206952829831
28,0.0583143925759941,0.164341838427956
28,0.623435709392652,1.15482518709727
28,0.356641406659037,-0.0565214245264898
28,0.587927932385355,-2.12936064823465
28,0.913784642005339,0.344845762099456
28,0.199442182900384,-1.90495544558553
28,0.369083623867482,-0.811170153140217
28,0.671408327762038,1.3240043212996
28,0.768144550733268,0.615636849302674
28,0.522248276043683,1.09166895553536
28,0.828075018012896,0.306604861513632
28,0.52709619468078,-0.110158762482857
28,0.501754825003445,-0.924312773127284
28,0.419973319862038,1.5929137537192
28,0.362298283260316,0.0450105981218803
28,0.123428910272196,-0.715128400667883
28,0.298161529470235,0.865223099717138
28,0.276676489738747,1.0744409582779
28,0.770225355634466,1.89565477419858
28,0.77818130212836,-0.602997303605094
28,0.143787280656397,-0.390867820723137
28,0.515526150586084,-0.416222031530192
28,0.597240485483781,-0.375657422820391
28,0.505843024002388,-0.366630945702358
28,0.386099633062258,-0.295677452700886
28,0.426098100841045,1.44182041019987
28,0.0117597347125411,-0.697538291913041
28,0.919331770390272,-0.38816750592136
28,0.0794396931305528,0.652536452171517
28,0.507374254753813,1.12477244653513
28,0.820171616971493,-0.772110803023928
28,0.5983954181429,-0.508086216138287
28,0.424153526080772,0.523620590498017
28,0.559310270706192,1.01775422653797
28,0.789094472071156,-0.251164588087978
28,0.167715257965028,-1.42999344738861
28,5.78,12
29,0.956285735592246,42.0617061044005
29,0.505531079834327,19.1123331954298
29,0.924366363789886,37.2822211760169
29,0.134513532742858,4.27364683748915
29,0.238737003179267,9.89713377599264
29,0.489962622057647,18.7252403472438
29,0.474060096777976,19.0397069938559
29,0.434994159033522,17.1028977191843
29,0.0392489600926638,0.386716163273881
29,0.644331015180796,25.7845332956558
29,0.715567200211808,29.6142890445317
29,0.351666721282527,15.6606363052048
29,0.946556748822331,36.4895586819641
29,0.74310650723055,29.4746493561797
29,0.0507859203498811,3.19086134085079
29,0.98036478087306,38.1003688870788
29,0.217822452541441,6.18439741280724
29,0.0361960020381957,0.511937523014517
29,0.2607038654387,9.46091515961242
29,0.720415785908699,28.8641200286758
29,0.247894181171432,9.51203045335925
29,0.234915791545063,9.62812779004716
29,0.021011842880398,0.418101307289176
29,0.264620627742261,10.9589435043857
29,0.691801619483158,27.3060590043293
29,0.0346693911124021,2.57687709101715
29,0.0627861295361072,1.77411765618706
29,0.397706091869622,16.1989103202242
29,0.490028424886987,18.716287427195
29,0.631048747571185,25.4499563817182
29,0.723404312273487,28.888442318461
29,0.0767657924443483,1.38611105163534
29,0.421446080552414,16.7136166654776
29,0.9737266858574,40.1292810997987
29,0.813805783400312,33.233631259212
29,0.223767722956836,9.093956549161
29,0.489742305828258,18.3973757894174
29,0.0113401929847896,1.62283637218067
29,0.258602296933532,10.4232935862866
29,0.454598771873862,17.7321771221858
29,0.740976688219234,31.2810957415701
29,0.990660011768341,38.8568081491341
29,0.332204946083948,13.5915588041158
29,0.944791405461729,39.0733936396527
29,0.961853419896215,39.076359591019
29,0.899277499644086,35.6640777212266
29,0.492715835105628,19.2902153008025
29,0.784935477888212,31.7525546455745
29,0.803119047079235,32.638242997769
29,0.677767623681575,27.1293123475917
29,0.581277578603476,24.5695521163957
29,0.330668087350205,13.16089149417
29,0.00131465657614172,-0.647709815272035
29,0.0658019641414285,3.16940469717848
29,0.0859519173391163,1.23629437121074
29,0.0131097168195993,0.916362416582381
29,0.335745624266565,13.9267859230863
29,0.119264316512272,4.54569794506097
29,0.593595445388928,22.6266746502252
29,0.0373126757331192,1.09751242601089
29,0.00957179185934365,1.93270201661005
29,0.161596125923097,5.72033055712522
29,0.831898988224566,30.9442474112531
29,0.766842754324898,31.4859556152051
29,0.272780316416174,10.4099019994456
29,0.188163298880681,7.0156453892749
29,0.225761834764853,7.81510934943911
29,0.0619703675620258,2.45625607413381
29,0.0599002409726381,3.09724893933523
29,0.148155870381743,5.33875278967991
29,0.0729878859128803,2.31278749509642
29,0.042885891860351,2.81207588941433
29,0.522461272310466,20.6509412153383
29,0.789231489412487,31.4093578631762
29,0.69475334812887,27.1643556744197
29,0.06657604733482,3.56347652899304
29,0.0179577465169132,-0.275883768589698
29,0.442158423364162,18.5355873204469
29,0.157602083170786,7.1097856158079
29,0.718860115855932,28.2868036982461
29,0.703941832529381,29.0060936148986
29,0.885226304875687,36.3958220586235
29,0.325261015212163,13.5860608970059
29,0.970881566638127,40.8601047109432
29,0.984820266254246,37.4304574589448
29,0.0391847176942974,0.40246777713431
29,0.893571288092062,34.3663323099516
29,0.82239915127866,33.0636459856162
29,0.724244692828506,30.5544167923
29,0.288920137798414,13.2346944649128
29,0.501948604593053,20.5662408821171
29,0.428347001317888,18.0125533152759
29,0.610016016056761,24.2557657682406
29,0.926113174064085,37.5134987226376
29,0.240123257739469,9.98116578670826
29,0.271881833905354,10.1142330811577
29,0.735003646463156,29.1068509247754
29,0.751545873004943,29.9269936557902
29,0.930591920856386,38.6175226504285
29,0.462730274768546,17.4722223010436
29,0.860691176727414,32.3133119212929
29,0.312036419520155,13.2497349990106
29,0.208039013436064,7.50539991668908
29,0.920827467227355,36.3969917659336
29,0.0527368842158467,3.01418039991668
29,0.411155431065708,15.68313097808
29,0.456341215176508,17.9125816274225
29,0.415860247565433,18.1368344368519
29,0.670353451743722,27.3424457820653
29,0.756904080044478,30.8183545572434
29,0.911651314469054,36.3293792230443
29,0.819952085847035,31.6613495805787
29,0.0936498525552452,2.24936694785401
29,0.177906081313267,6.8928576089741
29,0.6422145802062,27.6903024360209
29,0.874282993841916,35.1930235698903
29,0.592313350411132,23.8569069256917
29,0.262432192219421,10.8299112976269
29,0.883752264082432,34.9648825642058
29,0.187689346261322,6.10881982389501
29,0.488866982283071,22.2304200871746
29,0.0098204871173948,-0.0308666039861908
29,0.360434043221176,14.118760216914
29,0.442161690909415,15.8941259095236
29,0.125729221384972,4.7811606303308
29,0.6243645476643,24.7272779881974
29,0.302431331714615,11.8417428900583
29,0.239637228194624,7.7985510276924
29,0.358629763592035,16.1298533597061
29,0.89291041251272,37.4800028482547
29,0.990627265069634,40.3146908247194
29,0.732421197462827,28.1961072540892
29,0.99278808827512,40.4260328879026
29,0.53978936211206,21.3451041675484
29,0.433801761828363,17.0322843072073
29,0.96467367419973,39.9495912609439
29,0.148319643223658,4.70490313896365
29,0.0664930557832122,2.14850299857801
29,0.0242514880374074,0.238864522431332
29,0.61242324183695,24.5166816803548
29,0.696608748054132,26.2914860074553
29,0.801141887204722,31.3423422183606
29,0.137730283895507,6.22514344472796
29,0.15978482272476,6.85660781541349
29,0.988833592971787,38.5794414124672
29,0.398645695531741,16.505045551738
29,0.187911816174164,5.08383290156091
29,0.477728241123259,18.7686447182282
29,0.544234022730961,22.4823941040887
29,0.328157980693504,12.467281841251
29,-0.6,-23.2
30,392,32.1915963025951
30,295,33.5806781449719
30,209,40.435287654813
30,378,30.5431958110287
30,406,32.205849119996
30,289,31.5831700767229
30,332,32.5403483353177
30,255,37.2944211433561
30,185,43.1657072779147
30,405,36.7819435732765
30,379,33.8192876648357
30,339,28.3882747080749
30,370,27.4250545227241
30,323,26.7632882550959
30,381,31.7517237480899
30,391,35.8058607389663
30,357,29.2676136365705
30,222,35.7642021602347
30,322,34.0806959094449
30,241,33.1006021181591
30,220,37.260446725286
30,281,29.5149229769772
30,389,31.6428508476097
30,386,30.9091830278651
30,401,33.3441176883318
30,338,33.3182571258974
30,347,30.9463121948663
30,176,44.1710857226617
30,400,32.2163303340979
30,184,40.6578386899277
30,344,28.6515338282686
30,414,36.1604495965911
30,374,31.4078218595939
30,417,34.8218781435604
30,419,35.6194905870916
30,330,28.032834393703
30,307,32.1541208462569
30,306,29.3066991620763
30,351,31.6712630780603
30,352,29.1880441387764
30,245,32.9807274592011
30,382,27.8943017590444
30,240,33.5005954372622
30,319,27.7561731156376
30,197,38.4475277803815
30,316,29.9140453583609
30,263,31.8500316289653
30,410,34.9680569040442
30,252,33.1568956851959
30,297,31.5099225793436
